{
    "1": {
        "zone": 7021,
        "x": -45975.3359375,
        "y": 16771.572265625,
        "z": 3954.5126953125,
        "w": -1.4373399982488457
    },
    "2": {
        "zone": 7003,
        "x": -67466.046875,
        "y": -71556.046875,
        "z": 1127.7969970703125,
        "w": -2.1943595170704095
    },
    "5": {
        "zone": 7014,
        "x": -86419,
        "y": 24409,
        "z": 3178.23388671875,
        "w": 2.948406948115445
    },
    "kuangqi": {
        "zone": 3027,
        "x": 52898.8515625,
        "y": 69292.140625,
        "z": -11841.0400390625,
        "w": 0.9640110513868826
    },
    "x2": {
        "zone": 7022,
        "x": 3819.78125,
        "y": 59077.66015625,
        "z": 5938.26123046875,
        "w": -2.342484536900617
    },
    "n1": {
        "zone": 2000,
        "x": 140909.90625,
        "y": -83106.65625,
        "z": 17505.90234375,
        "w": -1.4461603877791882
    },
    "n2": {
        "zone": 2000,
        "x": 103544.1875,
        "y": -84447.3671875,
        "z": 13598.0029296875,
        "w": -1.375405523937963
    },
    "k1": {
        "zone": 2000,
        "x": 75006.203125,
        "y": -89008.6953125,
        "z": 17719.04296875,
        "w": 2.6828365242127434
    },
    "k2": {
        "zone": 2000,
        "x": 70880.2890625,
        "y": -86485.453125,
        "z": 17719.04296875,
        "w": 2.4191835762948988
    },
    "k3": {
        "zone": 2000,
        "x": 158097.4375,
        "y": -113147.0859375,
        "z": 15990.50390625,
        "w": 0.4042998114071093
    },
    "k4": {
        "zone": 2000,
        "x": 161524.75,
        "y": -80634.875,
        "z": 16744.68359375,
        "w": -0.23498668194423167
    },
    "k5": {
        "zone": 2000,
        "x": 111741.3359375,
        "y": -37426.42578125,
        "z": 12475.015625,
        "w": 0.5435085679077313
    },
    "k6": {
        "zone": 2000,
        "x": 80426.2109375,
        "y": -57386.58984375,
        "z": 16464.24609375,
        "w": 2.81715571695198
    },
    "k7": {
        "zone": 2000,
        "x": 84005.4921875,
        "y": -55846.66796875,
        "z": 16465.068359375,
        "w": 2.811211541398923
    },
    "k8": {
        "zone": 2000,
        "x": 79132.359375,
        "y": -54211.09375,
        "z": 16465.212890625,
        "w": 2.7667260985502398
    },
    "k9": {
        "zone": 2000,
        "x": 104803.59375,
        "y": -130807.5078125,
        "z": 15470.0341796875,
        "w": -1.7775961117617296
    },
    "k10": {
        "zone": 2000,
        "x": 103363.5703125,
        "y": -136932.140625,
        "z": 15493.76953125,
        "w": 0.8282537516590034
    },
    "k11": {
        "zone": 2000,
        "x": 164085.75,
        "y": -47248.58203125,
        "z": 12975.12890625,
        "w": 1.7934152886368002
    },
    "z4": {
        "zone": 7022,
        "x": 3122.72607421875,
        "y": 48916.90625,
        "z": 6728.5537109375,
        "w": 1.4629383026466873
    },
    "z3": {
        "zone": 7022,
        "x": 9315.1025390625,
        "y": 47979.30078125,
        "z": 7240.22021484375,
        "w": 0.9932525601559526
    },
    "z2": {
        "zone": 7022,
        "x": 10195.26953125,
        "y": 56401.58984375,
        "z": 7353.3544921875,
        "w": -1.5071361240976424
    },
    "z1": {
        "zone": 7022,
        "x": 9971.583984375,
        "y": 61572.1953125,
        "z": 7751.1474609375,
        "w": 1.8913983114629955
    },
    "x3": {
        "zone": 7022,
        "x": -4125.154296875,
        "y": 47384.76171875,
        "z": 4835.8603515625,
        "w": 2.141437179888355
    },
    "x4": {
        "zone": 7022,
        "x": -3486.4853515625,
        "y": 31096.01953125,
        "z": 5083.8671875,
        "w": 1.912490547296423
    },
    "a1": {
        "zone": 7021,
        "x": -71768.796875,
        "y": 49348.63671875,
        "z": 3930.524169921875,
        "w": -1.5642769084463826
    },
    "a2": {
        "zone": 7021,
        "x": -71713.9765625,
        "y": 56611.078125,
        "z": 3962.77685546875,
        "w": 2.282563412373834
    },
    "a3": {
        "zone": 7021,
        "x": -61068.296875,
        "y": 53617.078125,
        "z": 3910.675048828125,
        "w": 0.777824133257263
    },
    "a4": {
        "zone": 7021,
        "x": -51789.58203125,
        "y": 50212.81640625,
        "z": 3761.98681640625,
        "w": 0.18340657795157697
    },
    "h1": {
        "zone": 7014,
        "x": -94742.0703125,
        "y": -8444.8955078125,
        "z": 512.7499389648438,
        "w": 2.7639457583721967
    },
    "h2": {
        "zone": 7014,
        "x": -83473.2890625,
        "y": -669.0485229492188,
        "z": 1054.04736328125,
        "w": -1.6094334678897662
    },
    "h3": {
        "zone": 7014,
        "x": -88085.03125,
        "y": -11776.2265625,
        "z": 586.6043701171875,
        "w": -1.9342538997245506
    },
    "b3": {
        "zone": 7004,
        "x": 111366.28125,
        "y": 81560.578125,
        "z": 6607.19384765625,
        "w": 1.1655377773953588
    },
    "b4": {
        "zone": 7004,
        "x": 111727.1328125,
        "y": 88304.9765625,
        "z": 6264.8505859375,
        "w": -2.3783413378174436
    },
    "b5": {
        "zone": 7004,
        "x": 117821.921875,
        "y": 87986.3984375,
        "z": 6255.4697265625,
        "w": -1.2834625504640673
    },
    "b2": {
        "zone": 7004,
        "x": 114782.4140625,
        "y": 68019.4921875,
        "z": 3939.199462890625,
        "w": -2.60843845600029
    },
    "s1": {
        "zone": 7004,
        "x": 77185.5078125,
        "y": 92094.9296875,
        "z": 1592.213623046875,
        "w": -1.6964868776022763
    },
    "x1": {
        "zone": 7022,
        "x": 435.4886779785156,
        "y": 69403.3671875,
        "z": 6612.97802734375,
        "w": 0.3754417978350107
    },
    "p1": {
        "zone": 7022,
        "x": 3019.935791015625,
        "y": 68434.234375,
        "z": 6469.14697265625,
        "w": 0.5135000687447184
    },
    "p2": {
        "zone": 7022,
        "x": 1533.7591552734375,
        "y": 43577.734375,
        "z": 6427.01025390625,
        "w": -1.9389517158874505
    },
    "p3": {
        "zone": 7022,
        "x": 11305.4921875,
        "y": 59588.6484375,
        "z": 7167.8720703125,
        "w": 3.1273074575026083
    },
    "l1": {
        "zone": 7011,
        "x": 45202.69921875,
        "y": -50206.46875,
        "z": 1714.9473876953125,
        "w": 0.8907634687653433
    },
    "m1": {
        "zone": 7013,
        "x": -53304.19921875,
        "y": 36250.01171875,
        "z": -168.9716339111328,
        "w": 0.45942724597174955
    },
    "m2": {
        "zone": 7013,
        "x": -43779.18359375,
        "y": 44481.52734375,
        "z": 306.78448486328125,
        "w": 0.7329551952116079
    },
    "m3": {
        "zone": 7013,
        "x": -32763.533203125,
        "y": 54376.3203125,
        "z": -419.99005126953125,
        "w": 1.1527865620960593
    },
    "b1": {
        "zone": 7004,
        "x": 105404.21875,
        "y": 66783.6796875,
        "z": 2655.2421875,
        "w": 0.1097755001330662
    },
    "l2": {
        "zone": 7011,
        "x": 49148.01171875,
        "y": -57323.84375,
        "z": 3922.9443359375,
        "w": -2.043933526058374
    },
    "m4": {
        "zone": 7013,
        "x": -23926.37890625,
        "y": 36064.4453125,
        "z": -332.92535400390625,
        "w": 0.7785911236512058
    },
    "l3": {
        "zone": 7011,
        "x": 37186.234375,
        "y": -60350.4453125,
        "z": 2261.75,
        "w": -1.1704273411567443
    },
    "p5": {
        "zone": 7022,
        "x": -6224.82763671875,
        "y": 35186.38671875,
        "z": 4762.56640625,
        "w": -1.3137586710248088
    },
    "m5": {
        "zone": 7013,
        "x": -55509.75390625,
        "y": 46742.31640625,
        "z": 509.6648864746094,